{"cameraMode":{"drawMode":0,"name":"Shaded","section":"Shading Mode"},"sceneLighting":false,"audioPlay":false,"sceneViewState":{"showFog":true,"showMaterialUpdate":false,"showSkybox":false,"showFlares":true,"showImageEffects":true,"showParticleSystems":true,"showVisualEffectGraphs":true,"m_FxEnabled":true},"in2DMode":false,"pivot":{"x":0.04045050963759422,"y":0.18768061697483064,"z":0.04739686846733093},"rotation":{"x":-0.10936742275953293,"y":0.06317120045423508,"z":-0.0069648646749556068,"w":-0.9919679760932922},"size":0.8660253882408142,"orthographic":false}