{"cameraMode":{"drawMode":0,"name":"Shaded","section":"Shading Mode"},"sceneLighting":true,"audioPlay":false,"sceneViewState":{"showFog":true,"showMaterialUpdate":false,"showSkybox":true,"showFlares":true,"showImageEffects":true,"showParticleSystems":true,"showVisualEffectGraphs":true,"m_FxEnabled":true},"in2DMode":false,"pivot":{"x":-11.525318145751954,"y":-0.31222841143608096,"z":-3.8460938930511476},"rotation":{"x":-0.011442126706242562,"y":-0.36848074197769167,"z":0.004536096937954426,"w":-0.929557204246521},"size":7.292779445648193,"orthographic":false}